link,title
87715571,Inferno How To Stop 3 Banana Push
87520192,Dust2 3-2 A Split T Strategy
87893835,CT Nuke Upper to lower spam
88020798,Dust2 Long A One Way Smoke In Doors
88106734,Nuke T Catwalk Jump Strategy
88605391,How to AWP
93933563,dboorn-demoreview-orlandopc.mp4
95685484,Mirage B Pistol Round Strategy
98083410,Solo Queue Outer Take
89813165,Cache How to Molly Vents T Side
98189567,Netcode vs RONIN5 Match Commentary
98385745,Fast Middle Take Strategy
99282414,How to smoke CT Spawn
99196203,How to smoke connector
102245024,fns-muffseseatrain-demoreview
103185644,dboorn-kygo-demoreview
48899226,How to AIM Guide by: DaZeD
48917724,AWP Guide by: DaZeD
104732900,Pope Smoke on T Inferno
104062343,Inferno A Site Smoke
104244005,dboorn-mrmiyagi-dust2-demoreview
104245065,Mirage B Window Smoke
104346916,Season Crosshair Placement Guide
105796363,Bombsite A Strategy Off Of Default
105930612,How To Hold Bombsite A Post Plant
106219918,Spindle Smoke
106494819,dboorn-woodsd2mm-demoreview
106497903,dboorn-pixuleseaseason-demoreview
106526964,Lucky on T Inferno doing a solo queue Banana take
106620075,Lucky showing a nice solo strat on train during solo queues
106620366,DaZeD Showing Proper CT Rotation in 4v4 scenarios on Dust2
106622970,FNS Terrorist Side of Season B Take Strategy
106625158,Bombsite B Rush Counter Flash
104473288,Inferno truck/blue car Smoke
104516347,dboorn-raw3ninfernomm-demoreview
104626255,dboorn-evindeitrickd2mm-demoreview
104627823,dboorn-LePherbod2mm-demoreview
104630791,dazed-skrumpnutzeseainferno-demoreview
104636879,B Bombsite Molotov on Cache
104963414,Mirage Bombsite A Take Strategy
104820526,A Site Balcony Mirage Hold
105030106,dazed-55dust2mm-demoreview
105174124,dboorn-kygoesead2-demoreview
105379541,Lucky - Belashi demo review
105280039,dboorn-boediieseacache-demoreview
105618357,Cuter T season Post Plant Guide
105506171,dboorn-triggermmdust2-demoreview
105718517,How To Smoke End Of Banana (A Player)
48919153,Dust2 Spot Names
48920240,How to properly use Molotovs and a few useful Molotovs
48922357,Joka Steve Dust2 Match Comm G-Syndicate
123745583,Inferno Spot Names/Call outs
49245924,Nade Smoke Glitch
49245925,Bombsite B Take
100953047,CT Inferno 4v4 Rotations
101106923,NiP A Execute Strategy
101325835,Quick and Easy end of banana Smoke
101353874,casey5v1
101565429,Demo Review - Misfit
101669915,dboorn-arksundemoreview-demoreview
101678043,dboorn-eaxdemoreview-demoreview.mp4
101851904,Demo Review - LD
101974708,Anti Banana Push Strategy on Inferno
102188628,T Side Cache pistol Round
103186323,T mirage Catwalk Smoke
103289282,Virtus Pros A Force Plant Strat
103392433,Nip vs Dignitas on Inferno Match commentary
103712370,How to hold Banana on Inferno
103713354,T Mirage Stairs Smoke
103827321,dboorn-defunkteseanuke-demoreview
103829306,dboorn-texsyxeseadust2-demoreview
103835504,dboorn-custodianeseadust2-demoreview
102317999,fns-visionseseatrain-demoreview
102453532,End of B Halls Smoke on T Mirage
102542354,dboorn-wildjackeseatrain-demoreview
102381255,T Jungle Smoke on Mirage
102672795,A Mid to B Strat on Cache 
102761408,dboorn-bgmxtrainesea-demoreview
102885583,T Mirage A Halls Jump Strat
102949298,"de_nuke Outside Take Strategy ""Big Garage"""
103949237,CT Spawn Mirage Smoke 
103093030,dboorn-t-train-orlandopc-demoreview
99496558,How to rotate in 5v5 situations
99594028,How to smoke jungle
99695642,How to smoke stairs
100061766,Bombsite B force plant strategy
100267657,Solo Queue Mid Take 
100464831,USP-S Gun Guide
100654449,dazed-richydaking-demoreview
98391547,Fast Middle To A Take
100524678,dazed-ctt-inferno-paaoreview-demoreview
98540032,How to smoke catwalk from T spawn
98601732,T Side Dust2 Pistol Round Strat 
98688799,How to smoke catwalk
98985271,How to smoke window
99098385,Dust2 Rotation Guide (3v3)
99098385,How to rotate in 3v3 situations
89955793,How to AWP on de_nuke
89964098,Inferno T Oranges Molotov
90076682,Dust2 T SoloQ Long A Take Strategy
90404508,Verygames Double Arch/Wrap Setup on Inferno
90186357,Inferno T Halls Spamspot
90457830,lazy-panda-demo-review.mp4
90494289,Nuke CT SoloQ Plays
90604181,VeryGames CT Nuke Outside Hold
92682084,Inferno B Pistol Strategy
90813746,Cache T SoloQ Middle Take 
92901188,Dust2 SoloQ Mid Take Strategy
92988277,Bombsite B Take Strategy
93104157,Inferno Bombsite B Molotov Take 
93268159,Nuke Upper Fake To Ramp Strategy
93375740,Inferno Stop CT Aggressive Banana Peek Smoke
93440269,Demo Review - aimbit
92571912,Dust2 A Site Take Strategy
93491807,Inferno Bedroom Popflash
93923736,Inferno Bombsite A Take Strategy (Virtus.Pro)
90923634,Inferno B Eco Round Setup
91198658,Nuke T Pistol Strategy
91374544,Dust2 Xbox Smoke From Spawn
91485781,What is Netcode Premium?
91584006,Dust2 CT Setup (Team TITAN)
92001970,Inferno Bombsite B Strategy
92207287,CT Halls Push
92481369,demo review - mamba mentality
91880227,Dust2 SoloQ Lower B Strategy
92300484,Inferno CT Banana Flashes
95824269,Solo Queue mid to B take
95826274,How to solo queue Take B
95924039,dazed-demoreview-sk1tch.mp4
96042771,How to take bombsite A 
96539419,Bombsite B hit from Halls
96654385,How to rotate in 3v3 situations
96859267,SCAR20 Gun Guide
96951212,dazed-demoreview-cmook.mp4
96761861,How to smoke bombsite A
94275265,Dust2 SoloQ Long A Hold
94110948,Team Improvement Rant
94474210,Inferno B Bombsite Boost
94608239,dazed-demoreview-saintdrug.mp4
94621761,Netcode vs RONIN5 Match Commentary
94882960,Inferno Banana Smoke From Wrap
95074076,Mirage A Site Take Strategy
95341175,CZ-75 Gun Guide
95566306,How to AWP
97018556,Solo Queue Ramp Take
97082272,Aggressive CT Mid Hold
97182752,Library Popflash
97237434,dboorn-demoreview-cmp.mp4
97382609,Upper Fake Retake Strategy
97481363,Cache NiPs T Eco Strategy 
97488494,dazed-demoreview-cmook-esea-train.mp4
97767689,Vent To Lower Solo Queue Play
97891815,Fast Halls Take Strategy
97994734,Cache Middle Rush Strategy
88699002,demo review - josh just no
88707767,Galil Weapon Guide
88823032,Cache T SoloQ Squeeky Take Strategy
89063852,Dust2 One Way Smoke Long A
89064348,Dust2 One Way Smoke To Kill Pit Player
89239984,Library Pop Flash
89239985,CT Inferno Mid Round Retake Car/Banana Strat
89243773,FAMAS Gun Guide
89559822,Dust2 SoloQ B Hold
88213200,A lesser known under heaven spot 
88310686,Inferno T SoloQ B Take Strategy
88407937,Easy to Throw dust2 Door pop flash
88486868,CT Inferno Double Oranges Setup
88547229,Simple CT Ramp Pop Flash on Nuke
50385043,de_inferno Arch/wrap smoke and example
65060750,NiP vs VERYGAMES - Nuke - 1st Half
65309529,VERYGAMES-CT-Pistol-Nuke
49245926,Inferno T Mid Control
66007733,Dust 2 retake B Tunnel Smoke
66007740,Dust 2 Lower B Tunnel Smoke To play Aggro middle
66007743,nukehutwallflash
78582137,Nuke T Heaven Smoke
80856124,Inferno T Anti Eco Strategy
73174741,Inferno Map Guide
74901669,How to AWP on Dust2
74496725,Inferno VG vs NiP Match Commentary
66506302,wolves-vs-ldlc-inferno-full
66007956,The BEST Mid to B d2 Smoke
107407543,dazed-kygocacheesea-demoreview
86340110,CT Inferno Verygames A Setup
106947090,dboorn-hallemmd2-demoreview
86420885,Inferno T Halls Jump Strategy (complexity)
106968448,dazed-kweller10d2mm-demoreview
106971241,dazed-recpood2esea-demoreview
108123634,dazed-rumbyd2mm-demoreview
85033860,Cache Squeaky Spam Strategy
85166831,Inferno Middle Fake To B Walk Strategy
106951431,dazed-crypticd2mm-demoreview
85374369,Fnatic CT Pistol Setup on D2
85452188,M4A1-S Weapon Guide
85611560,Dust2 CT How To Hold Middle and B
85880643,Dust2 Catwalk Take T Strategy
85565640,CT Side B Retake Flashes on Dust2
86034096,Cache CT Pistol Setup
86071382,Inferno T Bombsite B Split Strategy
108171947,Boiler push CT Setup 
108422316,B Fake into an A Strat on Season
108684409,How to smoke big pit
86242642,Nuke T Push Through Ramp Smoke
108295457,T Side Mirage Window Smoke
108746170,Solo Queue Eco Round Play
108850356,Demo Review - Skrumpnutz
108968599,Fnatic CT Pistol Setup on Cache vs LDLC
109064309,Demo Review - Wargy
109135109,Demo Review - Warb
107199901,How to take upper bombsite
107264766,dboorn-vincheezelcginferno-demoreview
107263004,dboorn-paxnukemm-demoreview
107260821,Demo Review - Millien
107258640,dboorn-pherbodust2mm-demoreview
86553015,AK47 Gun Guide and Crosshair Placement
107406493,dboorn-nubd2mm-demoreview
86642207,VG's Famous Double Pit Setup Analysis
86730254,Inferno T Pope/Truck Smoke
86730255,Dust2 Xbox Smoke From Fastpass
86805799,Nuke T Outside Take Strategy (Astana Dragons)
86854430,Nuke T Upper Take Strategy (Astana Dragons)
87041931,Nuke Perfect Outside Wall Smoke
107410224,dboorn-classythumbd2mm-demoreview
107408257,dboorn-doubled2mm-demoreview
107472015,Crosshair Placement Guide
107824738,dboorn-beavermmmirage-demoreview
107826296,dazed-dreamerd2mm-demoreview
107829610,Lucky showing a CT Inferno A Site Setup
87516159,Verygames CT Setup on Inferno
108079230,Tarik CT Dust2 Middle Setup
107950798,car smoke on dust2 t Side
83863676,Dust2 A Fake To B Strategy
83994455,CT Nuke Eco round Ramp stack
84220074,How to rush b
107777065,T Cache solo queue Strat 
84408961,Inferno Bombsite A Wrap Take Strategy
84220076,Long A Door Smoke from Pit 
84540085,Inferno T Arch Smoke
84740800,CT D2 B Retake Guide
84742137,Nuke Ramp Take Turnpike Smoke
84904796,Dust2 Bombsite B Retake Smoke
84904797,Dust2 Bombsite B Retake Grenades
82988197,Dust2 Long A Take (NiP Strategy)
82988196,Dust2 Mid to B Strategy (NiP)
82988722,dust2 Why and how Fnatic takes cat strategy
83234928,"Nuke Outside CT Pistol Setup ""Double cheeze"""
83405297,Dust2 T Default Strat
83337559,Inferno CT 1 way banana smoke
83509691,Nuke CT Double Drop Pistol Setup
83627746,Inferno Porch Smoke
83629003,Inferno Mosbeck Match Commentary VS U5
83799416,Dust2 Spawn Drop To B Split Strategy
67389184,Dust2 Match Commentary VPro vs Western Wolves
68346665,hatton-vs-Perilous-caseyfoster
69278008,How to get prepared for a map
68421615,How to hold angles
69279160,Inferno T Side Default Strategy
70818611,Inferno LDLC vs Epsilon Match Commentary
71707197,How to AWP arch
71734907,How To AWP banana
75816785,Bombsite B Take Strategy
76478381,AWP Angles and posititoning
76473345,How to AWP on dust2
76484203,Inferno VERYGAMES vs AstanaDragons Match Commentary Part 1
76556821,Inferno VERYGAMES vs AstanaDragons Match Commentary Part 2
78581374,Cache Fast Connector Smoke T 
80856125,Inferno T A Site Default Strategy
78580377,Inferno End of Banana Smoke
80856126,Inferno T Default To A Wrap Strategy
81558286,Inferno T Pistol 3 Halls Strategy
81558287,Inferno T Wrap to B Strategy
81558576,Inferno T Default Strategy
81558288,Inferno T Default To B Pinch Strategy
82988119,fnatic and NiP Dust2 Pistol Analysis
82988122,Dust2 A site post plant spots
82988121,NiP T Side Dust2 Cat take strat
59741065,t-mirage-bwindow-smoke
59741067,t-mirage-cat smoke-from underpass
59741070,t-mirage-ctspawn-smoke
59741199,t-mirage-midconnector-smoke
59741200,t-mirage-windowmid-smoke
59909406,t-cache-midsmoke and pop flash.mp4
59918867,Quantic vs Dynamic de_cache Match Commentary
60760092,mirage-full-mapguide
60816845,mirage-t-b-default-splt
60816873,mirage-t-a-default-split
61109918,Curse vs Quantic on Nuke Commentary by DaZeD
61188096,Inferno How To Rotate Guide 
61199387,nip-vs-anexis-nuke-comm1-full
62108948,nip-vs-anexis-comm-number2
63162214,ryan-pistol-guide
63272173,t-navi-dust2-a-split
64146843,western wolvs vs virtus pro dust2 first half
64317958,Virtus Pro Early Long A Take-full.mp4
64334812,VG Dust2 B Hold
64959853,nip-pistol-nuke
78583033,Inferno T Wrap Smoke
78583375,Inferno T Apt Jump Out Smoke
78630862,Inferno Fnatic vs AD Match Commentary
79260897,Astana Dragons vs NiP on cache commentary by DaZeD
79263750,Astana Dragons vs NiP on cache commentary by DaZeD
80855672,Inferno T Default To B Fake
80855673,Inferno T Default Intro Strategy
80855674,Inferno T Banana To A Fake 
80855675,Inferno T Fast Halls Take
54943435,Special A Site Smoke
54943436,VG vs NiP - Anti Eco - Dust2
54943437,NiP vs VG Round Breakdown - T Pistol - Dust2
56380653,Solo Ivy Take Strategy
56380652,T - B Site Cover Smoke - de_mirage
59165861,inferno-ctside-aggro-smoke-for-banana
56380654,T - Perfect Window Smoke A Site - de_mirage
58632406,Aggressive Ramp Flash - Nuke
59165890,inferno-ctside-apts-aggropeak
59165876,inferno-ctside-apt-defense
66007745,nuke-inferno-t-porchsmoke
66007844,dust2 CT Side pop flash @ Close mid
66007881,dust2-longa-1man
66007884,Dust2 How To Rush B 
66007923,Nuke Quick Door Rush Strategy
59166083,inferno-tside-boilerstairs-nadeflash
59166101,inferno-tside-library-smoke
59166115,inferno-tside-midwrap-flash
59168527,inferno-tside-moto-flash
59168543,inferno-tside-porchflash
59168555,inferno-tside-siteflash
59168576,inferno-tside-up-close-midflash
59417068,inferno-tstairs-molotov
59417069,dust2-a-molotov
59461383,Cache Spot names/Call outs
59165913,inferno-ctside-banana-oranges-flash
59165926,inferno-ctside-banan-pushflash
59165931,inferno-ctside-ctbananapeakflash
59165959,inferno-ctside-spindleflash
59165977,inferno-tside-apt-spam
59165989,inferno-tside-archflash1
59166002,inferno-tside-archflash2
59166025,inferno-tside-banana-emoflash
59166048,inferno-tside-banana-popflash
59166062,inferno-tside-banana-spindlesmoke
50949703,DaZeD vs SOGO T Side Match Commentary de_dust2
50949704,DaZeD vs SOGO Ct Side Match Commentary de_dust2
53561387,NiP Ramp To Lower Bombsite Take
53561405,Terrorist Pistol Round Strategy
54943294,Nuke Fast Squeeky Door Pop Flash Strategy
54943293,T/CT - Long A Site Nades - de_dust2
54943296,T - Long A CT spawn Cross Smoke - de_dust2
54943297,T - Ramp Nade - de_nuke
54943300,T - Hut Dark Spot Upper Pop Flash - de_nuke
49245927,Inferno CT Banana Hold
49262391,Train T Side Z Connector Smoke
49262403,Train T Side Bombtrain Smoke
49262432,Train T Side Inner Take
49262458,Train CT Side Default
49687723,Inferno Starter Map Guide
49696464,jKa-_0 vs Imperfection - de_dust2
49706040,de_nuke Map Guide CS:GO
49719934,Dust2 Map Guide CSGO
109136666,Demo Review - Bigfay
109141879,Demo Review - Refraction
109146782,Demo Review - joshkent
109150450,Demo Review - Trigger
109152210,Demo Review - tyxexnukem
109169639,Demo Review - Counda
110298703,Demo Review - Enzok
110485668,LDLC A Site Take 
109171744,Demo Review - Plonkyy
111847058,CT Side Solo Queue Plays
110937972,cutler-ct-mirage-ahallspush-soloque
112290418,demo review - indian
112950352,How To Solo Queue CT Side
114383762,demo review - bigmanshane
115060394,demo review - fade
115060846,NiP vs NaVi Match Commentary
114596312,demo review - imerk
115805510,demo review - baggyz
115810355,demo review - doxide
115855811,NaVi vs TITAN Match Commentary
114882710,demo review - overkill
114883529,demo review - they call me prophet
114885015,demo review - gjurza
114886185,demo review - dazed
114888177,demo review - code red
114945042,Dust2 Long A Push Flash CT
116250928,NiP vs TITAN Match Commentary
116350949,demo review - frantic
116352046,demo review - sl0w
116355099,Dust2 Spawn Drop Smoke 
116558700,demo review - tomski
116681093,demo review - floppydisk
116560753,Solo Queue Plays
116684164,NiP Upper A Take Strategy
116794309,Mirage Starterguide
116792965,Mirage Spot names/Call outs
114979635,demo review - qki
114981835,demo review - dilema
114984091,demo review - sharki
115059916,demo review - Revernce
115935591,Spawn Drop Smoke
115944117,demo review - clueless
115977275,demo review - millien
116084559,Overpass B Site Nade Set
116089419,Nuke Vent Bomb Strategy
116175561,demo review - mgh
116175988,Library Smoke From Alt
114605096,Cache A Site Ledge Smoke
114708848,Cache How To Hold B 
114770902,demo review - mytzi
114877534,demo review - lexy
114878511,demo review - poopcat
114879094,demo review - flurren
114879743,demo review - christ
114880954,demo review - wind
114881504,demo review - gonzo
115414080,demo review - rezy
115433783,Mirage SoloQ Terrorist Strategy
115110187,demo review - nylee
115583848,Mirage Fnatic A Site Strategy
115647346,demo review - zecore
115675284,demo review - bek
115776364,Bombsite B Retake Smoke
115803197,Inferno Porch and Halls Rotations
113926310,Bombsite B Retake Flash
114083277,Bombsite A Take Strategy
114250974,Terrorist Side Solo Queue Plays
114271300,How to solo queue hold B
114356840,Dust2 Solo Queue How To Gain Rank T Side
114376991,demo review - powerhouse
114378313,dboorn-millieninferno-demoreview
114380312,demo review - gusdl
114380988,demo review - triggerhappydog
114382188,demo review - spibull
114384699,demo review - death
114386231,demo review - douglas
114387824,demo review - voltage
114388588,demo review - will
114389446,demo review - viruxs
114389767,demo review - kenai
114391109,demo review - helvetinbarbaari
114482968,demo review - derpsta
114483939,demo review - double
113238777,How to solo queue vent bomb
113414880,Demo Review - Gambler
113418027,Bombsite B Rotation Guide
113557208,Long A Corner Smoke
113624814,Demo Review - Molikva
113729342,Demo Review - Xtinct 
113732366,Nuke Spot Names/Callouts
113811762,Demo Review - Daam
113739833,Map Overview/Starter Guide
112308259,FNS Terrorist Side Dust2 Solo Queue Player
112394182,demo review - double
112495760,demo review - plonkyy
112496664,How To Hold Bombsite B
112635199,"Demo Review for ""FizzyBeard"""
112746443,"Demo Review for ""BEK"""
112751500,Dust2 Solo Queue Mid To B
112878404,demo review - trythisforexample-
112879657,Nuke Vent Bomb Strat
111067542,How to execute Mid to B on Season
111130590,Demo Review - Miku
111140209,Demo Review - Ogedai
111164629,Demo Review - thenewkiddie
111425278,A Site Smoke From Squeaky
111166614,Demo Review - Voltrex
111638363,How To Rotate In 5v5 Situations 
111581942,Bombsite A Take Strategy From Highway
111977452,Terrorist Side Solo Queue Plays
111977969,demo review - cuba
111979247,demo review - jonn
112058480,demo review - n!
111750376,VirtusPro Bombsite B Take Strategy
112063821,dboorn-t-dust2-xboxsmoke-smoke
112094504,demo review - cregi
112200472,cutler CT Cache Solo Q CT Push 
112287242,demo review - theotherbritishguy
112288422,demo review - munchlaxx
110629616,Terrorist Pistol Strategy
110737299,CT Setups For Bombsite B
110807032,Demo Review - Fritosndip
110804888,Demo Review - Capt Save A Ho
110803235,Demo Review - Banri
110808124,Demo Review - Slaughterhouse
110809895,Demo Review - Cardee
110811755,Demo Review - s0wingseason
110813649,Dboorn showing a CT Retake Flash on Dust2
110304174,Demo Review - Darkackirito
110308696,Demo Review - Millien
110364456,Demo Review - Larsen
110469521,Demo Review - Double
110470999,Demo Review - Mikeyy
110473154,demo review - n00bc8k3
110474738,Demo Review - dhsan
110476279,Demo Review - Dhsan
110480896,Demo Review - Playmakerjones
109256219,Demo Review - Powerhouse
109263494,Inferno NiP vs Dignitas Match Commentary 
110297012,Demo Review - CZH
